Lang,GoVersion,Released
go1.24,go1.24.0,2025-02-11
go1.23,go1.23.6,2025-02-04
go1.23,go1.23.5,2025-01-16
go1.23,go1.23.4,2024-12-03
go1.23,go1.23.3,2024-11-06
go1.23,go1.23.2,2024-10-01
go1.23,go1.23.1,2024-09-05
go1.23,go1.23.0,2024-08-13
go1.22,go1.22.12,2025-02-04
go1.22,go1.22.11,2025-01-16
go1.22,go1.22.10,2024-12-03
go1.22,go1.22.9,2024-11-06
go1.22,go1.22.8,2024-10-01
go1.22,go1.22.7,2024-09-05
go1.22,go1.22.6,2024-08-06
go1.22,go1.22.5,2024-07-02
go1.22,go1.22.4,2024-06-04
go1.22,go1.22.3,2024-05-07
go1.22,go1.22.2,2024-04-03
go1.22,go1.22.1,2024-03-05
go1.22,go1.22.0,2024-02-06
go1.21,go1.21.13,2024-08-06
go1.21,go1.21.12,2024-07-02
go1.21,go1.21.11,2024-06-04
go1.21,go1.21.10,2024-05-07
go1.21,go1.21.9,2024-04-03
go1.21,go1.21.8,2024-03-05
go1.21,go1.21.7,2024-02-06
go1.21,go1.21.6,2024-01-09
go1.21,go1.21.5,2023-12-05
go1.21,go1.21.4,2023-11-07
go1.21,go1.21.3,2023-10-10
go1.21,go1.21.2,2023-10-05
go1.21,go1.21.1,2023-09-06
go1.21,go1.21.0,2023-08-08
go1.20,go1.20.14,2024-02-06
go1.20,go1.20.13,2024-01-09
go1.20,go1.20.12,2023-12-05
go1.20,go1.20.11,2023-11-07
go1.20,go1.20.10,2023-10-10
go1.20,go1.20.9,2023-10-05
go1.20,go1.20.8,2023-09-06
go1.20,go1.20.7,2023-08-01
go1.20,go1.20.6,2023-07-11
go1.20,go1.20.5,2023-06-06
go1.20,go1.20.4,2023-05-02
go1.20,go1.20.3,2023-04-04
go1.20,go1.20.2,2023-03-07
go1.20,go1.20.1,2023-02-14
go1.20,go1.20,2023-02-01
go1.19,go1.19.13,2023-09-06
go1.19,go1.19.12,2023-08-01
go1.19,go1.19.11,2023-07-11
go1.19,go1.19.10,2023-06-06
go1.19,go1.19.9,2023-05-02
go1.19,go1.19.8,2023-04-04
go1.19,go1.19.7,2023-03-07
go1.19,go1.19.6,2023-02-14
go1.19,go1.19.5,2023-01-10
go1.19,go1.19.4,2022-12-06
go1.19,go1.19.3,2022-11-01
go1.19,go1.19.2,2022-10-04
go1.19,go1.19.1,2022-09-06
go1.19,go1.19,2022-08-02
go1.18,go1.18.10,2023-01-10
go1.18,go1.18.9,2022-12-06
go1.18,go1.18.8,2022-11-01
go1.18,go1.18.7,2022-10-04
go1.18,go1.18.6,2022-09-06
go1.18,go1.18.5,2022-08-01
go1.18,go1.18.4,2022-07-12
go1.18,go1.18.3,2022-06-01
go1.18,go1.18.2,2022-05-10
go1.18,go1.18.1,2022-04-12
go1.18,go1.18,2022-03-15
go1.17,go1.17.13,2022-08-01
go1.17,go1.17.12,2022-07-12
go1.17,go1.17.11,2022-06-01
go1.17,go1.17.10,2022-05-10
go1.17,go1.17.9,2022-04-12
go1.17,go1.17.8,2022-03-03
go1.17,go1.17.7,2022-02-10
go1.17,go1.17.6,2022-01-06
go1.17,go1.17.5,2021-12-09
go1.17,go1.17.4,2021-12-02
go1.17,go1.17.3,2021-11-04
go1.17,go1.17.2,2021-10-07
go1.17,go1.17.1,2021-09-09
go1.17,go1.17,2021-08-16
go1.16,go1.16.15,2022-03-03
go1.16,go1.16.14,2022-02-10
go1.16,go1.16.13,2022-01-06
go1.16,go1.16.12,2021-12-09
go1.16,go1.16.11,2021-12-02
go1.16,go1.16.10,2021-11-04
go1.16,go1.16.9,2021-10-07
go1.16,go1.16.8,2021-09-09
go1.16,go1.16.7,2021-08-05
go1.16,go1.16.6,2021-07-12
go1.16,go1.16.5,2021-06-03
go1.16,go1.16.4,2021-05-06
go1.16,go1.16.3,2021-04-01
go1.16,go1.16.2,2021-03-11
go1.16,go1.16.1,2021-03-10
go1.16,go1.16,2021-02-16
go1.15,go1.15.15,2021-08-05
go1.15,go1.15.14,2021-07-12
go1.15,go1.15.13,2021-06-03
go1.15,go1.15.12,2021-05-06
go1.15,go1.15.11,2021-04-01
go1.15,go1.15.10,2021-03-11
go1.15,go1.15.9,2021-03-10
go1.15,go1.15.8,2021-02-04
go1.15,go1.15.7,2021-01-19
go1.15,go1.15.6,2020-12-03
go1.15,go1.15.5,2020-11-12
go1.15,go1.15.4,2020-11-05
go1.15,go1.15.3,2020-10-14
go1.15,go1.15.2,2020-09-09
go1.15,go1.15.1,2020-09-01
go1.15,go1.15,2020-08-11
go1.14,go1.14.15,2021-02-04
go1.14,go1.14.14,2021-01-19
go1.14,go1.14.13,2020-12-03
go1.14,go1.14.12,2020-11-12
go1.14,go1.14.11,2020-11-05
go1.14,go1.14.10,2020-10-14
go1.14,go1.14.9,2020-09-09
go1.14,go1.14.8,2020-09-01
go1.14,go1.14.7,2020-08-06
go1.14,go1.14.6,2020-07-16
go1.14,go1.14.5,2020-07-14
go1.14,go1.14.4,2020-06-01
go1.14,go1.14.3,2020-05-14
go1.14,go1.14.2,2020-04-08
go1.14,go1.14.1,2020-03-19
go1.14,go1.14,2020-02-25
go1.13,go1.13.15,2020-08-06
go1.13,go1.13.14,2020-07-16
go1.13,go1.13.13,2020-07-14
go1.13,go1.13.12,2020-06-01
go1.13,go1.13.11,2020-05-14
go1.13,go1.13.10,2020-04-08
go1.13,go1.13.9,2020-03-19
go1.13,go1.13.8,2020-02-12
go1.13,go1.13.7,2020-01-28
go1.13,go1.13.6,2020-01-09
go1.13,go1.13.5,2019-12-04
go1.13,go1.13.4,2019-10-31
go1.13,go1.13.3,2019-10-17
go1.13,go1.13.2,2019-10-17
go1.13,go1.13.1,2019-09-25
go1.13,go1.13,2019-09-03
go1.12,go1.12.17,2020-02-12
go1.12,go1.12.16,2020-01-28
go1.12,go1.12.15,2020-01-09
go1.12,go1.12.14,2019-12-04
go1.12,go1.12.13,2019-10-31
go1.12,go1.12.12,2019-10-17
go1.12,go1.12.11,2019-10-17
go1.12,go1.12.10,2019-09-25
go1.12,go1.12.9,2019-08-15
go1.12,go1.12.8,2019-08-13
go1.12,go1.12.7,2019-07-08
go1.12,go1.12.6,2019-06-11
go1.12,go1.12.5,2019-05-06
go1.12,go1.12.4,2019-04-11
go1.12,go1.12.3,2019-04-08
go1.12,go1.12.2,2019-04-05
go1.12,go1.12.1,2019-03-14
go1.12,go1.12,2019-02-25
go1.11,go1.11.13,2019-08-13
go1.11,go1.11.12,2019-07-08
go1.11,go1.11.11,2019-06-11
go1.11,go1.11.10,2019-05-06
go1.11,go1.11.9,2019-04-11
go1.11,go1.11.8,2019-04-08
go1.11,go1.11.7,2019-04-05
go1.11,go1.11.6,2019-03-14
go1.11,go1.11.5,2019-01-23
go1.11,go1.11.4,2018-12-14
go1.11,go1.11.3,2018-12-12
go1.11,go1.11.2,2018-11-02
go1.11,go1.11.1,2018-10-01
go1.11,go1.11,2018-08-24
go1.10,go1.10.8,2019-01-23
go1.10,go1.10.7,2018-12-14
go1.10,go1.10.6,2018-12-12
go1.10,go1.10.5,2018-11-02
go1.10,go1.10.4,2018-08-24
go1.10,go1.10.3,2018-06-05
go1.10,go1.10.2,2018-05-01
go1.10,go1.10.1,2018-03-28
go1.10,go1.10,2018-02-16
go1.9,go1.9.7,2018-06-05
go1.9,go1.9.6,2018-05-01
go1.9,go1.9.5,2018-03-28
go1.9,go1.9.4,2018-02-07
go1.9,go1.9.3,2018-01-22
go1.9,go1.9.2,2017-10-25
go1.9,go1.9.1,2017-10-04
go1.9,go1.9,2017-08-24
go1.8,go1.8.7,2018-02-07
go1.8,go1.8.6,2018-01-22
go1.8,go1.8.5,2017-10-25
go1.8,go1.8.4,2017-10-04
go1.8,go1.8.3,2017-05-24
go1.8,go1.8.2,2017-05-23
go1.8,go1.8.1,2017-04-07
go1.8,go1.8,2017-02-16
go1.7,go1.7.6,2017-05-23
go1.7,go1.7.5,2017-01-26
go1.7,go1.7.4,2016-12-01
go1.7,go1.7.3,2016-10-19
go1.7,go1.7.1,2016-09-07
go1.7,go1.7,2016-08-15
go1.6,go1.6.4,2016-12-01
go1.6,go1.6.3,2016-07-17
go1.6,go1.6.2,2016-04-20
go1.6,go1.6.1,2016-04-12
go1.6,go1.6,2016-02-17
go1.5,go1.5.4,2016-04-12
go1.5,go1.5.3,2016-01-13
go1.5,go1.5.2,2015-12-02
go1.5,go1.5.1,2015-09-08
go1.5,go1.5,2015-08-19
go1.4,go1.4.3,2015-09-22
go1.4,go1.4.2,2015-02-17
go1.4,go1.4.1,2015-01-15
go1.4,go1.4,2014-12-10
go1.3,go1.3.3,2014-09-30
go1.3,go1.3.2,2014-09-25
go1.3,go1.3.1,2014-08-13
go1.3,go1.3,2014-06-18
go1.2,go1.2.2,2014-05-05
go1.2,go1.2.1,2014-03-02
go1.2,go1.2,2013-12-01
go1.1,go1.1.2,2013-08-13
go1.1,go1.1.1,2013-06-13
go1.1,go1.1,2013-05-13
go1,go1.0.3,2012-09-21
go1,go1.0.2,2012-06-13
go1,go1.0.1,2012-04-25
go1,go1,2012-03-28
